customer_ID,user_ID,password,first_name,last_name,customer_address,customer_email_ID,customer_phone_number
1,125,66b4d3c9,Bethany,Ward,"533 Lueilwitz Estate West Margaret, KY 0",rdooley@gmail.com,8574235634
2,225,463a04ad,Ella,Deckow,"95325 Dianna Spring Ethylland, UT 62156",effie87@gmail.com,8574236847
3,325,43118c57,Anne,Harber,569 Abbott Prairie Suite 817 East Oswald,jackie02@gmail.com,8574238060
4,425,5936a38e,Fritz,Schultz,"415 Willms Mill Lake Brooks, WY 15374-57",medhurst.deshaun@gmail.com,8574239273
5,525,9dd799c2,Maudie,Wyman,7594 Thompson Camp Apt. 802 Hackettshire,martine08@gmail.com,8574240486
6,625,8dad7681,Lilian,Durgan,070 Goyette Cove Suite 581 Lake Elmirasi,vjenkins@gmail.com,8574241699
7,725,dd3c8eff,Jewell,Hoeger,"23043 Corwin Meadows Letaton, VT 47348-3",ihintz@gmail.com,8574242912
8,825,75638ca3,Lavada,Botsford,"28427 Zoila Spurs Mireyabury, NV 81992-5",kkemmer@gmail.com,8574244125
9,925,0e044a66,Brady,Schiller,"1196 Tavares Lock West Earline, TN 38999",vaughn89@gmail.com,8574245338
10,1025,67b8276d,Arvid,Paucek,"927 Carrie Island Suite 048 Kuphalberg, ",kgorczany@gmail.com,8574246551
11,1125,7741d654,Mekhi,Gleason,"42249 Bogisich Garden Haagmouth, NE 6233",kub.adelia@gmail.com,8574247764
12,1225,1c58b85b,Dustin,Volkman,"89040 Cordell Haven Apt. 504 South Dean,",waino.mohr@gmail.com,8574248977
13,1325,a540aa02,Winfield,Konopelski,"617 Esperanza Inlet Lynchshire, MO 48284",devon.kilback@gmail.com,8574250190
14,1425,4591d0c6,Kaitlyn,Kohler,"89959 Stevie River Yoshikofurt, IA 37529",von.francesco@gmail.com,8574251403
15,1525,97951ead,Vincenza,Sanford,"768 Joan Lodge Apt. 425 New Otis, ME 355",vernie.lesch@gmail.com,8574252616
16,1625,14c45b34,Dasia,Bins,"43243 Amir Wall Lake Abbeyberg, DE 80745",jamey.robel@gmail.com,8574253829
17,1725,126cd8d1,Alexys,Purdy,"1908 Tyrese Mill New Christopfurt, MO 19",ubruen@gmail.com,8574255042
18,1825,ec83297e,Stephan,Fritsch,"57946 Mann Pike Suite 315 East Sheldon, ",dwisoky@gmail.com,8574256255
19,1925,7f26aa1c,Norene,Gottlieb,2466 Maribel Vista Apt. 032 South Kaitli,robb.hudson@gmail.com,8574257468
20,2025,f410e540,Alexander,Will,"767 Jaunita Rapids East Caterina, RI 519",kade.huel@gmail.com,8574258681
21,2125,f3a7ff9b,Lois,Kuvalis,771 Brooks Center Apt. 071 South Josephb,bprohaska@gmail.com,8574259894
22,2225,92105d37,Magnolia,O'Kon,05394 Torp Highway Apt. 540 North Enriqu,ncummings@gmail.com,8574261107
23,2325,8e8e83d2,Name,Denesik,"2207 Isabella Radial Leannonmouth, AZ 24",fhowell@gmail.com,8574262320
24,2425,a6a439ec,Kaelyn,DuBuque,"32848 Medhurst Mission East Urban, KS 82",dwillms@gmail.com,8574263533
25,2525,59db1420,Judson,Reynolds,"85009 White Plaza Suite 959 Ziemeside, I",sauer.nathan@gmail.com,8574264746
26,2625,280d2f80,Angelita,Roob,"12341 Jerry Drive Bradtkefurt, HI 53430",darlene.leffler@gmail.com,8574265959
27,2725,9c9eff23,Winston,Parker,"386 Lindgren Coves Lake Keltonbury, NY 8",carter.wendy@gmail.com,8574267172
28,2825,d500d300,Kenny,Walter,"40811 Cheyanne Fords North Carol, VT 470",senger.catalina@gmail.com,8574268385
29,2925,8aaaff91,Keanu,Howe,"243 Schulist Lake Apt. 063 New Hannah, M",gia52@gmail.com,8574269598
30,3025,09b5531d,Lewis,Pouros,"536 Torp Via Suite 566 North Elisabeth, ",palma.funk@gmail.com,8574270811
31,3125,2226db9e,Christa,Deckow,"37753 Nitzsche Lights North Therese, MT ",monahan.princess@gmail.com,8574272024
32,3225,92f0e94e,Arjun,Wolff,"06560 Madyson Cliff New Tremainefort, ND",raul57@gmail.com,8574273237
33,3325,0a8817bf,Sophia,Will,13370 Charlotte Union Apt. 901 Keelingbe,willie.bartoletti@gmail.com,8574274450
34,3425,600732c0,Laurence,Borer,"71110 Eino Ranch Apt. 602 Baileyshire, N",shaun.lockman@gmail.com,8574275663
35,3525,e177546d,Deja,Morar,43259 Hirthe Skyway Suite 234 Port Marco,eleanore.nader@gmail.com,8574276876
36,3625,2398999b,Corrine,Veum,"68114 Keeling Trafficway Lake Joan, ND 5",kelvin.botsford@gmail.com,8574278089
37,3725,edf16410,Tess,Watsica,"55597 Weimann Crossroad West Audra, NV 2",braden.satterfield@gmail.com,8574279302
38,3825,14c9a336,Germaine,Wyman,"40485 Pansy Station Port Josiahberg, NH ",iwisoky@gmail.com,8574280515
39,3925,fb30f1bd,Bette,Kutch,"121 McGlynn Point Apt. 507 Claudieberg, ",josephine19@gmail.com,8574281728
40,4025,8a60d7ab,Jailyn,Kling,"771 Louvenia Motorway East Lambert, ID 8",daphnee.rutherford@gmail.com,8574282941
41,4125,e90aedc3,Virgil,Pfannerstill,"7857 Shanahan Rue Zoilaburgh, VT 52799",krystal.mills@gmail.com,8574284154
42,4225,997d1451,Rosemarie,Legros,"208 Arnoldo Ways Apt. 564 North Janet, O",mante.jairo@gmail.com,8574285367
43,4325,fcb54cb8,Emmanuelle,Goodwin,1167 Hagenes Trail Apt. 875 North Delane,willow95@gmail.com,8574286580
44,4425,d8361644,Keara,Jones,3987 Emmie Green Apt. 903 West Alexandre,bjones@gmail.com,8574287793
45,4525,faed56ef,Mercedes,Monahan,"61601 Berniece Cove Suite 435 Beierton, ",gail79@gmail.com,8574289006
46,4625,a89a5794,General,Deckow,1563 Ritchie Fall Suite 164 North Jackie,pagac.milford@gmail.com,8574290219
47,4725,7e25147c,Delilah,Bernhard,"0882 Brakus Mill Suite 163 Mortimerfort,",erick.morissette@gmail.com,8574291432
48,4825,1e5d4955,Chasity,Predovic,71811 Nikki Expressway Apt. 965 Curtissi,maxie89@gmail.com,8574292645
49,4925,6891afdf,Moriah,Bartell,"1191 Mann Drives Suite 410 Kulasfort, SD",kayden35@gmail.com,8574293858
50,5025,6704826f,Tommie,Steuber,030 Hellen Underpass Suite 275 Gilesburg,willard.berge@gmail.com,8574295071
51,5125,098c1ab6,Aida,Gislason,33725 Sauer Islands Apt. 156 Cummeratasi,smohr@gmail.com,8574296284
52,5225,f4790371,Maximus,Labadie,"83606 Fahey Walk North Cristobalshire, A",cremin.alivia@gmail.com,8574297497
53,5325,b8cec1de,Kaylah,Fay,"62081 Tyrese Cape West Jeffery, ME 60132",jovany83@gmail.com,8574298710
54,5425,531f4673,Kraig,Nienow,"49600 Witting Summit Schummshire, CA 493",xsmitham@gmail.com,8574299923
55,5525,391dd874,Brigitte,King,"849 Harris Gardens Port Barbarachester, ",kellie39@gmail.com,8574301136
56,5625,d8bfcf65,Austyn,Farrell,"2096 Haag Track South Ryannside, DC 9688",odie.d'amore@gmail.com,8574302349
57,5725,2accb235,Juvenal,Wyman,"454 Parisian Knolls South Erwinton, VA 5",rippin.madison@gmail.com,8574303562
58,5825,047ba624,Roscoe,Schuppe,55111 Theresa Estate Suite 840 New Since,weber.coby@gmail.com,8574304775
59,5925,24f8b3cd,Gustave,Ratke,"31081 Stamm Drive South Alicia, AR 73820",ryder.sporer@gmail.com,8574305988
60,6025,197e07ab,Norma,Powlowski,"64422 Boyle Lodge West Carson, OR 45346-",alanna92@gmail.com,8574307201
61,6125,90db2c70,Presley,Kohler,"826 Will Common Apt. 578 Toyville, VA 26",laisha09@gmail.com,8574308414
62,6225,4ef74d31,Chadrick,Gusikowski,"3759 Walter Skyway Apt. 052 Toychester, ",emmerich.fannie@gmail.com,8574309627
63,6325,daf984d1,Gina,Runte,"419 Barton Field Suite 030 Marquesland, ",margaret.mills@gmail.com,8574310840
64,6425,d4d12ff5,Lillie,Hilpert,"888 Kuvalis Drive Beattyview, IA 83633",mcdermott.brooke@gmail.com,8574312053
65,6525,b56df8ec,Cletus,Schaefer,"97289 Will Isle Hyattbury, MD 49334-1377",amarks@gmail.com,8574313266
